VariableName,VariableValue,Comments,Priority
SET Sales,Sum(Quantity*UnitPrice),,
SET Sales.Label,"=If($(russianNotSelected),'Sales','Продажи')",,
SET Sales.backgroundColor,=LightBlue(96),,
SET Sales.Comment,"=If($(russianNotSelected),'Sales amount for selected period','Продажи за выбранный период')",,
SET Sales1998,"Sum(If(Year(OrderDate)=1998, Quantity*UnitPrice))",,
SET Sales1998.Label,1998,,
SET Sales1998.Comment,"=If($(russianNotSelected),'Sales 1997','Продажи 1998')",,
SET Sales1997,"Sum(If(Year(OrderDate)=1997, Quantity*UnitPrice))",,
SET Sales1997.Label,1997,,
SET Sales1997.Comment,"=If($(russianNotSelected),'Sales 1997','Продажи 1997')",,
SET Sales1998to1997,($(Sales1998)/$(Sales1997)),,
SET Sales1998to1997.Label,"=If($(russianNotSelected),'Sales Index 98/97', 'Продажи 98 к 97 году')",,
SET Sales1998to1997.Comment,"=If($(russianNotSelected),'Ratio for sales 1998 to 1997 years', 'Отношение продаж  1998 года к продажам 1997 года')",,
SET AvgOrder,Sum(Quantity*UnitPrice)/Count(DISTINCT OrderID),,
SET AvgOrder.Label,"=If($(russianNotSelected),'Avg order value','Средний чек')",,
SET AvgOrder.Comment,"=If($(russianNotSelected),'Avg order value','Средний чек')",,
SET NoOfOrders,Count (Distinct OrderID),,
SET NoOfOrders.Label,"=If($(russianNotSelected),'No of orders','Количество заказов')",,
SET NoOfOrders.Comment,"=If($(russianNotSelected),'No of orders','Количество заказов')",,
SET russianNotSelected,NOT Only(Language)='Ru',,
SET ArrowIconForTrendValue,"if($1 = 0 OR IsNull($1), null(), 'qmem://<builtin>/' & if($1 >= 1.20,'Arrow_N_G.png', if($1 >= 1.051,'Arrow_NE_G.png', if($1 >= 1.05 ,'Arrow_NE_G.png', if($1 >= 1,'Arrow_E_Y.png', if($1 >= .95 ,'Arrow_W_Y.png', if($1 >= .801  ,'Arrow_SE_R.png', if($1 >= .80 ,'Arrow_S_R.png', if($1 >= 0 ,'Arrow_S_R.png','Arrow_S_R.png')))))))))",,
SET ArrowIconForSalesTrend,"if($(Sales1998to1997) = 0 OR IsNull($(Sales1998to1997)), null(), 'qmem://<builtin>/' & if($(Sales1998to1997) >= 1.20,'Arrow_N_G.png', if($(Sales1998to1997) >= 1.051,'Arrow_NE_G.png', if($(Sales1998to1997) >= 1.05 ,'Arrow_NE_G.png', if($(Sales1998to1997) >= 1,'Arrow_E_Y.png', if($(Sales1998to1997) >= .95 ,'Arrow_W_Y.png', if($(Sales1998to1997) >= .801  ,'Arrow_SE_R.png', if($(Sales1998to1997) >= .80 ,'Arrow_S_R.png', if($(Sales1998to1997) >= 0 ,'Arrow_S_R.png','Arrow_S_R.png')))))))))",,
