VariableName,VariableValue,Comments,Priority
SET Sales,Sum(Quantity*UnitPrice),,
SET Sales.Label,Sales,,
SET Sales.backgroundColor,=LightGreen(96),,
SET Sales.Comment,Sales amount for selected period,,
SET Sales1998,"Sum(If(Year(OrderDate)=1998, Quantity*UnitPrice))",,
SET Sales1998.Label,1998,,
SET Sales1998.Comment,Sales 1998,,
SET Sales1997,"Sum(If(Year(OrderDate)=1997, Quantity*UnitPrice))",,
SET Sales1997.Label,1997,,
SET Sales1997.Comment,Sales 1997,,
SET Sales1998to1997,($(Sales1998)/$(Sales1997)),,
SET Sales1998to1997.Label,Sales Index 98/97,,
SET Sales1998to1997.Comment,Ratio for sales 1998 to 1997 years,,
SET AvgOrder,Sum(Quantity*UnitPrice)/Count(DISTINCT OrderID),,
SET AvgOrder.Label,Avg order value,,
SET AvgOrder.Comment,Avg order value,,
SET NoOfOrders,Count (Distinct OrderID),,
SET NoOfOrders.Label,No of orders,,
SET NoOfOrders.Comment,Number of orders,,
SET ShowLangSelection,0,,
SET LightGreen,LightRed(96),,
